[
    {
        "set_num": "0241187567-1",
        "name": "Ninjago: Build Your Own Adventure",
        "year": "2015",
        "theme_id": "761",
        "num_parts": "74",
        "img_url": "https://cdn.rebrickable.com/media/sets/0241187567-1.jpg"
    },
    {
        "set_num": "0241357594-1",
        "name": "Star Wars: Build Your Own Adventure: Galactic Missions",
        "year": "2019",
        "theme_id": "761",
        "num_parts": "70",
        "img_url": "https://cdn.rebrickable.com/media/sets/0241357594-1.jpg"
    },
    {
        "set_num": "028-1",
        "name": "Nursery Furniture",
        "year": "1979",
        "theme_id": "652",
        "num_parts": "7",
        "img_url": "https://cdn.rebrickable.com/media/sets/028-1.jpg"
    },
    {
        "set_num": "030-2",
        "name": "Building Set",
        "year": "1973",
        "theme_id": "505",
        "num_parts": "29",
        "img_url": "https://cdn.rebrickable.com/media/sets/030-2.jpg"
    },
    {
        "set_num": "03093-1",
        "name": "The Race to Build It Board Game",
        "year": "1999",
        "theme_id": "674",
        "num_parts": "77",
        "img_url": "https://cdn.rebrickable.com/media/sets/03093-1.jpg"
    },
    {
        "set_num": "03-1",
        "name": "Doors and Fences",
        "year": "1980",
        "theme_id": "443",
        "num_parts": "10",
        "img_url": "https://cdn.rebrickable.com/media/sets/03-1.jpg"
    },
    {
        "set_num": "032-1",
        "name": "Living Room",
        "year": "1979",
        "theme_id": "652",
        "num_parts": "14",
        "img_url": "https://cdn.rebrickable.com/media/sets/032-1.jpg"
    },
    {
        "set_num": "033-1",
        "name": "Farm Animals",
        "year": "1979",
        "theme_id": "632",
        "num_parts": "21",
        "img_url": "https://cdn.rebrickable.com/media/sets/033-1.jpg"
    },
    {
        "set_num": "033-2",
        "name": "Basic Building Set",
        "year": "1968",
        "theme_id": "365",
        "num_parts": "177",
        "img_url": "https://cdn.rebrickable.com/media/sets/033-2.jpg"
    },
    {
        "set_num": "04-1",
        "name": "Propellers and Wheels",
        "year": "1980",
        "theme_id": "443",
        "num_parts": "13",
        "img_url": "https://cdn.rebrickable.com/media/sets/04-1.jpg"
    },
    {
        "set_num": "041-1",
        "name": "Pre-School Beginners Set",
        "year": "1964",
        "theme_id": "369",
        "num_parts": "24",
        "img_url": "https://cdn.rebrickable.com/media/sets/041-1.jpg"
    },
    {
        "set_num": "041-2",
        "name": "Playhouse",
        "year": "1979",
        "theme_id": "652",
        "num_parts": "1",
        "img_url": "https://cdn.rebrickable.com/media/sets/041-2.jpg"
    },
    {
        "set_num": "042-1",
        "name": "Jumbo Brick Pull Toy",
        "year": "1966",
        "theme_id": "369",
        "num_parts": "9",
        "img_url": "https://cdn.rebrickable.com/media/sets/042-1.jpg"
    },
    {
        "set_num": "044-1",
        "name": "Basic Building Set",
        "year": "1968",
        "theme_id": "365",
        "num_parts": "225",
        "img_url": "https://cdn.rebrickable.com/media/sets/044-1.jpg"
    },
    {
        "set_num": "044-2",
        "name": "Jumbo Bricks",
        "year": "1969",
        "theme_id": "369",
        "num_parts": "30",
        "img_url": "https://cdn.rebrickable.com/media/sets/044-2.jpg"
    },
    {
        "set_num": "045-1",
        "name": "Farm",
        "year": "1979",
        "theme_id": "632",
        "num_parts": "66",
        "img_url": "https://cdn.rebrickable.com/media/sets/045-1.jpg"
    },
    {
        "set_num": "045-2",
        "name": "Assorted Clear Bricks & Plates",
        "year": "1969",
        "theme_id": "756",
        "num_parts": "37",
        "img_url": "https://cdn.rebrickable.com/media/sets/045-2.jpg"
    },
    {
        "set_num": "047-1",
        "name": "Gates and Fences",
        "year": "1969",
        "theme_id": "756",
        "num_parts": "15",
        "img_url": "https://cdn.rebrickable.com/media/sets/047-1.jpg"
    },
    {
        "set_num": "049-1",
        "name": "Windows / Doors & Trees / Bushes",
        "year": "1969",
        "theme_id": "756",
        "num_parts": "27",
        "img_url": "https://cdn.rebrickable.com/media/sets/049-1.jpg"
    },
    {
        "set_num": "050-2",
        "name": "Lighting Device Pack",
        "year": "1969",
        "theme_id": "756",
        "num_parts": "4",
        "img_url": "https://cdn.rebrickable.com/media/sets/050-2.jpg"
    },
    {
        "set_num": "05-1",
        "name": "Hinges",
        "year": "1980",
        "theme_id": "443",
        "num_parts": "3",
        "img_url": "https://cdn.rebrickable.com/media/sets/05-1.jpg"
    }
]